timestamp,processId,parentProcessId,userId,processName,hostName,eventId,eventName,argsNum,returnValue,args,sus,evil
16350.780098,506,1,104,rs:main Q:Reg,ip-10-100-1-4,1003,cap_capable,1,0,"[{'name': 'cap', 'type': 'int', 'value': 'CAP_SYS_RESOURCE'}]",0,0
16350.787858,159,1,0,systemd-journal,ip-10-100-1-4,3,close,1,0,"[{'name': 'fd', 'type': 'int', 'value': 33}]",0,0
16350.788047,159,1,0,systemd-journal,ip-10-100-1-4,1003,cap_capable,1,0,"[{'name': 'cap', 'type': 'int', 'value': 'CAP_SYS_ADMIN'}]",0,0
16350.78813,159,1,0,systemd-journal,ip-10-100-1-4,21,access,2,0,"[{'name': 'pathname', 'type': 'const char*', 'value': '/run/systemd/journal/flushed'}, {'name': 'mode', 'type': 'int', 'value': 'F_OK'}]",0,0
16350.788173,159,1,0,systemd-journal,ip-10-100-1-4,1005,security_file_open,4,0,"[{'name': 'pathname', 'type': 'const char*', 'value': '/var/log/journal/e3dd312100d840de9fa4c08066966677/system.journal'}, {'name': 'flags', 'type': 'unsigned int', 'value': 'O_RDWR|O_CREAT|O_NONBLOCK|O_LARGEFILE'}, {'name': 'dev', 'type': 'dev_t', 'value': 211812353}, {'name': 'inode', 'type': 'unsigned long', 'value': 271135}]",0,0
16350.788205,159,1,0,systemd-journal,ip-10-100-1-4,257,openat,4,33,"[{'name': 'dirfd', 'type': 'int', 'value': -100}, {'name': 'pathname', 'type': 'const char*', 'value': '/var/log/journal/e3dd312100d840de9fa4c08066966677/system.journal'}, {'name': 'flags', 'type': 'unsigned int', 'value': 'O_RDWR|O_CREAT|O_NONBLOCK|O_CLOEXEC'}, {'name': 'mode', 'type': 'int', 'value': 3068808996}]",0,0
16350.788243,159,1,0,systemd-journal,ip-10-100-1-4,5,fstat,2,0,"[{'name': 'fd', 'type': 'int', 'value': 33}, {'name': 'statbuf', 'type': 'struct stat*', 'value': '0x55C78284EEA8'}]",0,0
16350.788308,159,1,0,systemd-journal,ip-10-100-1-4,257,openat,4,-2,"[{'name': 'dirfd', 'type': 'int', 'value': -100}, {'name': 'pathname', 'type': 'const char*', 'value': '/var/log/journal/e3dd312100d840de9fa4c08066966677/fss'}, {'name': 'flags', 'type': 'unsigned int', 'value': 'O_RDWR|O_NOCTTY|O_CLOEXEC'}, {'name': 'mode', 'type': 'int', 'value': 3068808996}]",0,0
16350.79618,506,1,104,rs:main Q:Reg,ip-10-100-1-4,62,kill,2,0,"[{'name': 'pid', 'type': 'pid_t', 'value': 506}, {'name': 'sig', 'type': 'u32', 'value': 22}]",0,0
16350.796237,506,1,104,rsyslogd,ip-10-100-1-4,3,close,1,0,"[{'name': 'fd', 'type': 'int', 'value': 6}]",0,0
16350.796295,506,1,104,rsyslogd,ip-10-100-1-4,41,socket,3,6,"[{'name': 'domain', 'type': 'int', 'value': 'AF_UNIX'}, {'name': 'type', 'type': 'int', 'value': 'SOCK_DGRAM|SOCK_CLOEXEC'}, {'name': 'protocol', 'type': 'int', 'value': 0}]",0,0
16350.796327,506,1,104,rsyslogd,ip-10-100-1-4,42,connect,3,0,"[{'name': 'sockfd', 'type': 'int', 'value': 6}, {'name': 'addr', 'type': 'unsigned long', 'value': ""{'sa_family': 'AF_UNIX','sun_path': '/dev/log'}""}, {'name': 'addrlen', 'type': 'int*', 'value': 110}]",0,0
16350.796403,506,1,104,rs:main Q:Reg,ip-10-100-1-4,62,kill,2,0,"[{'name': 'pid', 'type': 'pid_t', 'value': 506}, {'name': 'sig', 'type': 'u32', 'value': 22}]",0,0
16350.796439,506,1,104,rsyslogd,ip-10-100-1-4,3,close,1,0,"[{'name': 'fd', 'type': 'int', 'value': 6}]",0,0
16350.796533,506,1,104,rsyslogd,ip-10-100-1-4,42,connect,3,0,"[{'name': 'sockfd', 'type': 'int', 'value': 6}, {'name': 'addr', 'type': 'unsigned long', 'value': ""{'sa_family': 'AF_UNIX','sun_path': '/dev/log'}""}, {'name': 'addrlen', 'type': 'int*', 'value': 110}]",0,0
16350.796503,506,1,104,rsyslogd,ip-10-100-1-4,41,socket,3,6,"[{'name': 'domain', 'type': 'int', 'value': 'AF_UNIX'}, {'name': 'type', 'type': 'int', 'value': 'SOCK_DGRAM|SOCK_CLOEXEC'}, {'name': 'protocol', 'type': 'int', 'value': 0}]",0,0
16350.796684,506,1,104,rs:main Q:Reg,ip-10-100-1-4,1003,cap_capable,1,0,"[{'name': 'cap', 'type': 'int', 'value': 'CAP_SYS_RESOURCE'}]",0,0
16350.79672,506,1,104,rs:main Q:Reg,ip-10-100-1-4,1003,cap_capable,1,0,"[{'name': 'cap', 'type': 'int', 'value': 'CAP_SYS_RESOURCE'}]",0,0
16350.804545,159,1,0,systemd-journal,ip-10-100-1-4,21,access,2,0,"[{'name': 'pathname', 'type': 'const char*', 'value': '/run/systemd/journal/flushed'}, {'name': 'mode', 'type': 'int', 'value': 'F_OK'}]",0,0
16350.804453,159,1,0,systemd-journal,ip-10-100-1-4,3,close,1,0,"[{'name': 'fd', 'type': 'int', 'value': 33}]",0,0
16350.804627,159,1,0,systemd-journal,ip-10-100-1-4,257,openat,4,33,"[{'name': 'dirfd', 'type': 'int', 'value': -100}, {'name': 'pathname', 'type': 'const char*', 'value': '/var/log/journal/e3dd312100d840de9fa4c08066966677/system.journal'}, {'name': 'flags', 'type': 'unsigned int', 'value': 'O_RDWR|O_CREAT|O_NONBLOCK|O_CLOEXEC'}, {'name': 'mode', 'type': 'int', 'value': 3068808996}]",0,0
16350.804594,159,1,0,systemd-journal,ip-10-100-1-4,1005,security_file_open,4,0,"[{'name': 'pathname', 'type': 'const char*', 'value': '/var/log/journal/e3dd312100d840de9fa4c08066966677/system.journal'}, {'name': 'flags', 'type': 'unsigned int', 'value': 'O_RDWR|O_CREAT|O_NONBLOCK|O_LARGEFILE'}, {'name': 'dev', 'type': 'dev_t', 'value': 211812353}, {'name': 'inode', 'type': 'unsigned long', 'value': 271135}]",0,0
16350.804664,159,1,0,systemd-journal,ip-10-100-1-4,5,fstat,2,0,"[{'name': 'fd', 'type': 'int', 'value': 33}, {'name': 'statbuf', 'type': 'struct stat*', 'value': '0x55C78284EEA8'}]",0,0
16350.804731,159,1,0,systemd-journal,ip-10-100-1-4,257,openat,4,-2,"[{'name': 'dirfd', 'type': 'int', 'value': -100}, {'name': 'pathname', 'type': 'const char*', 'value': '/var/log/journal/e3dd312100d840de9fa4c08066966677/fss'}, {'name': 'flags', 'type': 'unsigned int', 'value': 'O_RDWR|O_NOCTTY|O_CLOEXEC'}, {'name': 'mode', 'type': 'int', 'value': 3068808996}]",0,0
16350.812594,506,1,104,rs:main Q:Reg,ip-10-100-1-4,62,kill,2,0,"[{'name': 'pid', 'type': 'pid_t', 'value': 506}, {'name': 'sig', 'type': 'u32', 'value': 22}]",0,0
16350.812638,506,1,104,rsyslogd,ip-10-100-1-4,3,close,1,0,"[{'name': 'fd', 'type': 'int', 'value': 6}]",0,0
16350.812674,506,1,104,rsyslogd,ip-10-100-1-4,41,socket,3,6,"[{'name': 'domain', 'type': 'int', 'value': 'AF_UNIX'}, {'name': 'type', 'type': 'int', 'value': 'SOCK_DGRAM|SOCK_CLOEXEC'}, {'name': 'protocol', 'type': 'int', 'value': 0}]",0,0
16350.812737,506,1,104,rsyslogd,ip-10-100-1-4,42,connect,3,0,"[{'name': 'sockfd', 'type': 'int', 'value': 6}, {'name': 'addr', 'type': 'unsigned long', 'value': ""{'sa_family': 'AF_UNIX','sun_path': '/dev/log'}""}, {'name': 'addrlen', 'type': 'int*', 'value': 110}]",0,0
16350.812815,506,1,104,rs:main Q:Reg,ip-10-100-1-4,62,kill,2,0,"[{'name': 'pid', 'type': 'pid_t', 'value': 506}, {'name': 'sig', 'type': 'u32', 'value': 22}]",0,0
16350.812936,506,1,104,rsyslogd,ip-10-100-1-4,41,socket,3,6,"[{'name': 'domain', 'type': 'int', 'value': 'AF_UNIX'}, {'name': 'type', 'type': 'int', 'value': 'SOCK_DGRAM|SOCK_CLOEXEC'}, {'name': 'protocol', 'type': 'int', 'value': 0}]",0,0
16350.812851,506,1,104,rsyslogd,ip-10-100-1-4,3,close,1,0,"[{'name': 'fd', 'type': 'int', 'value': 6}]",0,0
16350.812966,506,1,104,rsyslogd,ip-10-100-1-4,42,connect,3,0,"[{'name': 'sockfd', 'type': 'int', 'value': 6}, {'name': 'addr', 'type': 'unsigned long', 'value': ""{'sa_family': 'AF_UNIX','sun_path': '/dev/log'}""}, {'name': 'addrlen', 'type': 'int*', 'value': 110}]",0,0
16350.813038,506,1,104,rs:main Q:Reg,ip-10-100-1-4,1003,cap_capable,1,0,"[{'name': 'cap', 'type': 'int', 'value': 'CAP_SYS_RESOURCE'}]",0,0
16350.813072,506,1,104,rs:main Q:Reg,ip-10-100-1-4,1003,cap_capable,1,0,"[{'name': 'cap', 'type': 'int', 'value': 'CAP_SYS_RESOURCE'}]",0,0
16350.820884,159,1,0,systemd-journal,ip-10-100-1-4,3,close,1,0,"[{'name': 'fd', 'type': 'int', 'value': 33}]",0,0
16350.821072,159,1,0,systemd-journal,ip-10-100-1-4,1003,cap_capable,1,0,"[{'name': 'cap', 'type': 'int', 'value': 'CAP_SYS_ADMIN'}]",0,0
16350.82119,159,1,0,systemd-journal,ip-10-100-1-4,1005,security_file_open,4,0,"[{'name': 'pathname', 'type': 'const char*', 'value': '/var/log/journal/e3dd312100d840de9fa4c08066966677/system.journal'}, {'name': 'flags', 'type': 'unsigned int', 'value': 'O_RDWR|O_CREAT|O_NONBLOCK|O_LARGEFILE'}, {'name': 'dev', 'type': 'dev_t', 'value': 211812353}, {'name': 'inode', 'type': 'unsigned long', 'value': 271135}]",0,0
16350.821148,159,1,0,systemd-journal,ip-10-100-1-4,21,access,2,0,"[{'name': 'pathname', 'type': 'const char*', 'value': '/run/systemd/journal/flushed'}, {'name': 'mode', 'type': 'int', 'value': 'F_OK'}]",0,0
16350.821222,159,1,0,systemd-journal,ip-10-100-1-4,257,openat,4,33,"[{'name': 'dirfd', 'type': 'int', 'value': -100}, {'name': 'pathname', 'type': 'const char*', 'value': '/var/log/journal/e3dd312100d840de9fa4c08066966677/system.journal'}, {'name': 'flags', 'type': 'unsigned int', 'value': 'O_RDWR|O_CREAT|O_NONBLOCK|O_CLOEXEC'}, {'name': 'mode', 'type': 'int', 'value': 3068808996}]",0,0
16350.821259,159,1,0,systemd-journal,ip-10-100-1-4,5,fstat,2,0,"[{'name': 'fd', 'type': 'int', 'value': 33}, {'name': 'statbuf', 'type': 'struct stat*', 'value': '0x55C78284EEA8'}]",0,0
16350.829258,506,1,104,rs:main Q:Reg,ip-10-100-1-4,62,kill,2,0,"[{'name': 'pid', 'type': 'pid_t', 'value': 506}, {'name': 'sig', 'type': 'u32', 'value': 22}]",0,0
16350.821321,159,1,0,systemd-journal,ip-10-100-1-4,257,openat,4,-2,"[{'name': 'dirfd', 'type': 'int', 'value': -100}, {'name': 'pathname', 'type': 'const char*', 'value': '/var/log/journal/e3dd312100d840de9fa4c08066966677/fss'}, {'name': 'flags', 'type': 'unsigned int', 'value': 'O_RDWR|O_NOCTTY|O_CLOEXEC'}, {'name': 'mode', 'type': 'int', 'value': 3068808996}]",0,0
16350.829303,506,1,104,rsyslogd,ip-10-100-1-4,3,close,1,0,"[{'name': 'fd', 'type': 'int', 'value': 6}]",0,0
16350.829337,506,1,104,rsyslogd,ip-10-100-1-4,41,socket,3,6,"[{'name': 'domain', 'type': 'int', 'value': 'AF_UNIX'}, {'name': 'type', 'type': 'int', 'value': 'SOCK_DGRAM|SOCK_CLOEXEC'}, {'name': 'protocol', 'type': 'int', 'value': 0}]",0,0
16350.829368,506,1,104,rsyslogd,ip-10-100-1-4,42,connect,3,0,"[{'name': 'sockfd', 'type': 'int', 'value': 6}, {'name': 'addr', 'type': 'unsigned long', 'value': ""{'sa_family': 'AF_UNIX','sun_path': '/dev/log'}""}, {'name': 'addrlen', 'type': 'int*', 'value': 110}]",0,0
16350.829441,506,1,104,rs:main Q:Reg,ip-10-100-1-4,62,kill,2,0,"[{'name': 'pid', 'type': 'pid_t', 'value': 506}, {'name': 'sig', 'type': 'u32', 'value': 22}]",0,0
16350.829476,506,1,104,rsyslogd,ip-10-100-1-4,3,close,1,0,"[{'name': 'fd', 'type': 'int', 'value': 6}]",0,0
16350.829536,506,1,104,rsyslogd,ip-10-100-1-4,41,socket,3,6,"[{'name': 'domain', 'type': 'int', 'value': 'AF_UNIX'}, {'name': 'type', 'type': 'int', 'value': 'SOCK_DGRAM|SOCK_CLOEXEC'}, {'name': 'protocol', 'type': 'int', 'value': 0}]",0,0
16350.829566,506,1,104,rsyslogd,ip-10-100-1-4,42,connect,3,0,"[{'name': 'sockfd', 'type': 'int', 'value': 6}, {'name': 'addr', 'type': 'unsigned long', 'value': ""{'sa_family': 'AF_UNIX','sun_path': '/dev/log'}""}, {'name': 'addrlen', 'type': 'int*', 'value': 110}]",0,0
16350.829638,506,1,104,rs:main Q:Reg,ip-10-100-1-4,1003,cap_capable,1,0,"[{'name': 'cap', 'type': 'int', 'value': 'CAP_SYS_RESOURCE'}]",0,0
16350.829673,506,1,104,rs:main Q:Reg,ip-10-100-1-4,1003,cap_capable,1,0,"[{'name': 'cap', 'type': 'int', 'value': 'CAP_SYS_RESOURCE'}]",0,0
16350.837444,159,1,0,systemd-journal,ip-10-100-1-4,3,close,1,0,"[{'name': 'fd', 'type': 'int', 'value': 33}]",0,0
16350.83754,159,1,0,systemd-journal,ip-10-100-1-4,21,access,2,0,"[{'name': 'pathname', 'type': 'const char*', 'value': '/run/systemd/journal/flushed'}, {'name': 'mode', 'type': 'int', 'value': 'F_OK'}]",0,0
16350.837621,159,1,0,systemd-journal,ip-10-100-1-4,1005,security_file_open,4,0,"[{'name': 'pathname', 'type': 'const char*', 'value': '/var/log/journal/e3dd312100d840de9fa4c08066966677/system.journal'}, {'name': 'flags', 'type': 'unsigned int', 'value': 'O_RDWR|O_CREAT|O_NONBLOCK|O_LARGEFILE'}, {'name': 'dev', 'type': 'dev_t', 'value': 211812353}, {'name': 'inode', 'type': 'unsigned long', 'value': 271135}]",0,0
16350.837694,159,1,0,systemd-journal,ip-10-100-1-4,5,fstat,2,0,"[{'name': 'fd', 'type': 'int', 'value': 33}, {'name': 'statbuf', 'type': 'struct stat*', 'value': '0x55C78284EEA8'}]",0,0
16350.837764,159,1,0,systemd-journal,ip-10-100-1-4,257,openat,4,-2,"[{'name': 'dirfd', 'type': 'int', 'value': -100}, {'name': 'pathname', 'type': 'const char*', 'value': '/var/log/journal/e3dd312100d840de9fa4c08066966677/fss'}, {'name': 'flags', 'type': 'unsigned int', 'value': 'O_RDWR|O_NOCTTY|O_CLOEXEC'}, {'name': 'mode', 'type': 'int', 'value': 3068808996}]",0,0
16350.845874,506,1,104,rs:main Q:Reg,ip-10-100-1-4,62,kill,2,0,"[{'name': 'pid', 'type': 'pid_t', 'value': 506}, {'name': 'sig', 'type': 'u32', 'value': 22}]",0,0
16350.837655,159,1,0,systemd-journal,ip-10-100-1-4,257,openat,4,33,"[{'name': 'dirfd', 'type': 'int', 'value': -100}, {'name': 'pathname', 'type': 'const char*', 'value': '/var/log/journal/e3dd312100d840de9fa4c08066966677/system.journal'}, {'name': 'flags', 'type': 'unsigned int', 'value': 'O_RDWR|O_CREAT|O_NONBLOCK|O_CLOEXEC'}, {'name': 'mode', 'type': 'int', 'value': 3068808996}]",0,0
16350.845953,506,1,104,rsyslogd,ip-10-100-1-4,3,close,1,0,"[{'name': 'fd', 'type': 'int', 'value': 6}]",0,0
16350.845989,506,1,104,rsyslogd,ip-10-100-1-4,41,socket,3,6,"[{'name': 'domain', 'type': 'int', 'value': 'AF_UNIX'}, {'name': 'type', 'type': 'int', 'value': 'SOCK_DGRAM|SOCK_CLOEXEC'}, {'name': 'protocol', 'type': 'int', 'value': 0}]",0,0
16350.846018,506,1,104,rsyslogd,ip-10-100-1-4,42,connect,3,0,"[{'name': 'sockfd', 'type': 'int', 'value': 6}, {'name': 'addr', 'type': 'unsigned long', 'value': ""{'sa_family': 'AF_UNIX','sun_path': '/dev/log'}""}, {'name': 'addrlen', 'type': 'int*', 'value': 110}]",0,0
16350.84613,506,1,104,rs:main Q:Reg,ip-10-100-1-4,62,kill,2,0,"[{'name': 'pid', 'type': 'pid_t', 'value': 506}, {'name': 'sig', 'type': 'u32', 'value': 22}]",0,0
16350.846178,506,1,104,rsyslogd,ip-10-100-1-4,3,close,1,0,"[{'name': 'fd', 'type': 'int', 'value': 6}]",0,0
16350.84624,506,1,104,rsyslogd,ip-10-100-1-4,41,socket,3,6,"[{'name': 'domain', 'type': 'int', 'value': 'AF_UNIX'}, {'name': 'type', 'type': 'int', 'value': 'SOCK_DGRAM|SOCK_CLOEXEC'}, {'name': 'protocol', 'type': 'int', 'value': 0}]",0,0
16350.846281,506,1,104,rsyslogd,ip-10-100-1-4,42,connect,3,0,"[{'name': 'sockfd', 'type': 'int', 'value': 6}, {'name': 'addr', 'type': 'unsigned long', 'value': ""{'sa_family': 'AF_UNIX','sun_path': '/dev/log'}""}, {'name': 'addrlen', 'type': 'int*', 'value': 110}]",0,0
16350.846431,506,1,104,rs:main Q:Reg,ip-10-100-1-4,1003,cap_capable,1,0,"[{'name': 'cap', 'type': 'int', 'value': 'CAP_SYS_RESOURCE'}]",0,0
16350.846465,506,1,104,rs:main Q:Reg,ip-10-100-1-4,1003,cap_capable,1,0,"[{'name': 'cap', 'type': 'int', 'value': 'CAP_SYS_RESOURCE'}]",0,0
16350.854434,159,1,0,systemd-journal,ip-10-100-1-4,3,close,1,0,"[{'name': 'fd', 'type': 'int', 'value': 33}]",0,0
16350.854592,159,1,0,systemd-journal,ip-10-100-1-4,1003,cap_capable,1,0,"[{'name': 'cap', 'type': 'int', 'value': 'CAP_SYS_ADMIN'}]",0,0
16350.854673,159,1,0,systemd-journal,ip-10-100-1-4,21,access,2,0,"[{'name': 'pathname', 'type': 'const char*', 'value': '/run/systemd/journal/flushed'}, {'name': 'mode', 'type': 'int', 'value': 'F_OK'}]",0,0
16350.854717,159,1,0,systemd-journal,ip-10-100-1-4,1005,security_file_open,4,0,"[{'name': 'pathname', 'type': 'const char*', 'value': '/var/log/journal/e3dd312100d840de9fa4c08066966677/system.journal'}, {'name': 'flags', 'type': 'unsigned int', 'value': 'O_RDWR|O_CREAT|O_NONBLOCK|O_LARGEFILE'}, {'name': 'dev', 'type': 'dev_t', 'value': 211812353}, {'name': 'inode', 'type': 'unsigned long', 'value': 271135}]",0,0
16350.854749,159,1,0,systemd-journal,ip-10-100-1-4,257,openat,4,33,"[{'name': 'dirfd', 'type': 'int', 'value': -100}, {'name': 'pathname', 'type': 'const char*', 'value': '/var/log/journal/e3dd312100d840de9fa4c08066966677/system.journal'}, {'name': 'flags', 'type': 'unsigned int', 'value': 'O_RDWR|O_CREAT|O_NONBLOCK|O_CLOEXEC'}, {'name': 'mode', 'type': 'int', 'value': 3068808996}]",0,0
16350.854787,159,1,0,systemd-journal,ip-10-100-1-4,5,fstat,2,0,"[{'name': 'fd', 'type': 'int', 'value': 33}, {'name': 'statbuf', 'type': 'struct stat*', 'value': '0x55C78284EEA8'}]",0,0
16350.854854,159,1,0,systemd-journal,ip-10-100-1-4,257,openat,4,-2,"[{'name': 'dirfd', 'type': 'int', 'value': -100}, {'name': 'pathname', 'type': 'const char*', 'value': '/var/log/journal/e3dd312100d840de9fa4c08066966677/fss'}, {'name': 'flags', 'type': 'unsigned int', 'value': 'O_RDWR|O_NOCTTY|O_CLOEXEC'}, {'name': 'mode', 'type': 'int', 'value': 3068808996}]",0,0
16350.862942,506,1,104,rs:main Q:Reg,ip-10-100-1-4,62,kill,2,0,"[{'name': 'pid', 'type': 'pid_t', 'value': 506}, {'name': 'sig', 'type': 'u32', 'value': 22}]",0,0
16350.862985,506,1,104,rsyslogd,ip-10-100-1-4,3,close,1,0,"[{'name': 'fd', 'type': 'int', 'value': 6}]",0,0
16350.86305,506,1,104,rsyslogd,ip-10-100-1-4,41,socket,3,6,"[{'name': 'domain', 'type': 'int', 'value': 'AF_UNIX'}, {'name': 'type', 'type': 'int', 'value': 'SOCK_DGRAM|SOCK_CLOEXEC'}, {'name': 'protocol', 'type': 'int', 'value': 0}]",0,0
16350.863093,506,1,104,rsyslogd,ip-10-100-1-4,42,connect,3,0,"[{'name': 'sockfd', 'type': 'int', 'value': 6}, {'name': 'addr', 'type': 'unsigned long', 'value': ""{'sa_family': 'AF_UNIX','sun_path': '/dev/log'}""}, {'name': 'addrlen', 'type': 'int*', 'value': 110}]",0,0
16350.863169,506,1,104,rs:main Q:Reg,ip-10-100-1-4,62,kill,2,0,"[{'name': 'pid', 'type': 'pid_t', 'value': 506}, {'name': 'sig', 'type': 'u32', 'value': 22}]",0,0
16350.863205,506,1,104,rsyslogd,ip-10-100-1-4,3,close,1,0,"[{'name': 'fd', 'type': 'int', 'value': 6}]",0,0
16350.863295,506,1,104,rsyslogd,ip-10-100-1-4,42,connect,3,0,"[{'name': 'sockfd', 'type': 'int', 'value': 6}, {'name': 'addr', 'type': 'unsigned long', 'value': ""{'sun_path': '/dev/log','sa_family': 'AF_UNIX'}""}, {'name': 'addrlen', 'type': 'int*', 'value': 110}]",0,0
16350.863265,506,1,104,rsyslogd,ip-10-100-1-4,41,socket,3,6,"[{'name': 'domain', 'type': 'int', 'value': 'AF_UNIX'}, {'name': 'type', 'type': 'int', 'value': 'SOCK_DGRAM|SOCK_CLOEXEC'}, {'name': 'protocol', 'type': 'int', 'value': 0}]",0,0
16350.863411,506,1,104,rs:main Q:Reg,ip-10-100-1-4,1003,cap_capable,1,0,"[{'name': 'cap', 'type': 'int', 'value': 'CAP_SYS_RESOURCE'}]",0,0
16350.863365,506,1,104,rs:main Q:Reg,ip-10-100-1-4,1003,cap_capable,1,0,"[{'name': 'cap', 'type': 'int', 'value': 'CAP_SYS_RESOURCE'}]",0,0
16350.871358,159,1,0,systemd-journal,ip-10-100-1-4,21,access,2,0,"[{'name': 'pathname', 'type': 'const char*', 'value': '/run/systemd/journal/flushed'}, {'name': 'mode', 'type': 'int', 'value': 'F_OK'}]",0,0
16350.871267,159,1,0,systemd-journal,ip-10-100-1-4,3,close,1,0,"[{'name': 'fd', 'type': 'int', 'value': 33}]",0,0
16350.871441,159,1,0,systemd-journal,ip-10-100-1-4,1005,security_file_open,4,0,"[{'name': 'pathname', 'type': 'const char*', 'value': '/var/log/journal/e3dd312100d840de9fa4c08066966677/system.journal'}, {'name': 'flags', 'type': 'unsigned int', 'value': 'O_RDWR|O_CREAT|O_NONBLOCK|O_LARGEFILE'}, {'name': 'dev', 'type': 'dev_t', 'value': 211812353}, {'name': 'inode', 'type': 'unsigned long', 'value': 271135}]",0,0
16350.871481,159,1,0,systemd-journal,ip-10-100-1-4,257,openat,4,33,"[{'name': 'dirfd', 'type': 'int', 'value': -100}, {'name': 'pathname', 'type': 'const char*', 'value': '/var/log/journal/e3dd312100d840de9fa4c08066966677/system.journal'}, {'name': 'flags', 'type': 'unsigned int', 'value': 'O_RDWR|O_CREAT|O_NONBLOCK|O_CLOEXEC'}, {'name': 'mode', 'type': 'int', 'value': 3068808996}]",0,0
16350.871519,159,1,0,systemd-journal,ip-10-100-1-4,5,fstat,2,0,"[{'name': 'fd', 'type': 'int', 'value': 33}, {'name': 'statbuf', 'type': 'struct stat*', 'value': '0x55C78284EEA8'}]",0,0
16350.871586,159,1,0,systemd-journal,ip-10-100-1-4,257,openat,4,-2,"[{'name': 'dirfd', 'type': 'int', 'value': -100}, {'name': 'pathname', 'type': 'const char*', 'value': '/var/log/journal/e3dd312100d840de9fa4c08066966677/fss'}, {'name': 'flags', 'type': 'unsigned int', 'value': 'O_RDWR|O_NOCTTY|O_CLOEXEC'}, {'name': 'mode', 'type': 'int', 'value': 3068808996}]",0,0
16350.879523,506,1,104,rs:main Q:Reg,ip-10-100-1-4,62,kill,2,0,"[{'name': 'pid', 'type': 'pid_t', 'value': 506}, {'name': 'sig', 'type': 'u32', 'value': 22}]",0,0
16350.879578,506,1,104,rsyslogd,ip-10-100-1-4,3,close,1,0,"[{'name': 'fd', 'type': 'int', 'value': 6}]",0,0
16350.87965,506,1,104,rsyslogd,ip-10-100-1-4,41,socket,3,6,"[{'name': 'domain', 'type': 'int', 'value': 'AF_UNIX'}, {'name': 'type', 'type': 'int', 'value': 'SOCK_DGRAM|SOCK_CLOEXEC'}, {'name': 'protocol', 'type': 'int', 'value': 0}]",0,0
16350.879704,506,1,104,rsyslogd,ip-10-100-1-4,42,connect,3,0,"[{'name': 'sockfd', 'type': 'int', 'value': 6}, {'name': 'addr', 'type': 'unsigned long', 'value': ""{'sun_path': '/dev/log','sa_family': 'AF_UNIX'}""}, {'name': 'addrlen', 'type': 'int*', 'value': 110}]",0,0
16350.879779,506,1,104,rs:main Q:Reg,ip-10-100-1-4,62,kill,2,0,"[{'name': 'pid', 'type': 'pid_t', 'value': 506}, {'name': 'sig', 'type': 'u32', 'value': 22}]",0,0
16350.879815,506,1,104,rsyslogd,ip-10-100-1-4,3,close,1,0,"[{'name': 'fd', 'type': 'int', 'value': 6}]",0,0
16350.879962,506,1,104,rsyslogd,ip-10-100-1-4,41,socket,3,6,"[{'name': 'domain', 'type': 'int', 'value': 'AF_UNIX'}, {'name': 'type', 'type': 'int', 'value': 'SOCK_DGRAM|SOCK_CLOEXEC'}, {'name': 'protocol', 'type': 'int', 'value': 0}]",0,0
16350.879995,506,1,104,rsyslogd,ip-10-100-1-4,42,connect,3,0,"[{'name': 'sockfd', 'type': 'int', 'value': 6}, {'name': 'addr', 'type': 'unsigned long', 'value': ""{'sa_family': 'AF_UNIX','sun_path': '/dev/log'}""}, {'name': 'addrlen', 'type': 'int*', 'value': 110}]",0,0
16350.880068,506,1,104,rs:main Q:Reg,ip-10-100-1-4,1003,cap_capable,1,0,"[{'name': 'cap', 'type': 'int', 'value': 'CAP_SYS_RESOURCE'}]",0,0
16350.880132,506,1,104,rs:main Q:Reg,ip-10-100-1-4,1003,cap_capable,1,0,"[{'name': 'cap', 'type': 'int', 'value': 'CAP_SYS_RESOURCE'}]",0,0
16350.887976,159,1,0,systemd-journal,ip-10-100-1-4,3,close,1,0,"[{'name': 'fd', 'type': 'int', 'value': 33}]",0,0
16350.888217,159,1,0,systemd-journal,ip-10-100-1-4,1003,cap_capable,1,0,"[{'name': 'cap', 'type': 'int', 'value': 'CAP_SYS_ADMIN'}]",0,0
16350.888292,159,1,0,systemd-journal,ip-10-100-1-4,21,access,2,0,"[{'name': 'pathname', 'type': 'const char*', 'value': '/run/systemd/journal/flushed'}, {'name': 'mode', 'type': 'int', 'value': 'F_OK'}]",0,0
16350.888333,159,1,0,systemd-journal,ip-10-100-1-4,1005,security_file_open,4,0,"[{'name': 'pathname', 'type': 'const char*', 'value': '/var/log/journal/e3dd312100d840de9fa4c08066966677/system.journal'}, {'name': 'flags', 'type': 'unsigned int', 'value': 'O_RDWR|O_CREAT|O_NONBLOCK|O_LARGEFILE'}, {'name': 'dev', 'type': 'dev_t', 'value': 211812353}, {'name': 'inode', 'type': 'unsigned long', 'value': 271135}]",0,0
16350.888365,159,1,0,systemd-journal,ip-10-100-1-4,257,openat,4,33,"[{'name': 'dirfd', 'type': 'int', 'value': -100}, {'name': 'pathname', 'type': 'const char*', 'value': '/var/log/journal/e3dd312100d840de9fa4c08066966677/system.journal'}, {'name': 'flags', 'type': 'unsigned int', 'value': 'O_RDWR|O_CREAT|O_NONBLOCK|O_CLOEXEC'}, {'name': 'mode', 'type': 'int', 'value': 3068808996}]",0,0
16350.888426,159,1,0,systemd-journal,ip-10-100-1-4,5,fstat,2,0,"[{'name': 'fd', 'type': 'int', 'value': 33}, {'name': 'statbuf', 'type': 'struct stat*', 'value': '0x55C78284EEA8'}]",0,0
16350.89664,506,1,104,rs:main Q:Reg,ip-10-100-1-4,62,kill,2,0,"[{'name': 'pid', 'type': 'pid_t', 'value': 506}, {'name': 'sig', 'type': 'u32', 'value': 22}]",0,0
16350.888483,159,1,0,systemd-journal,ip-10-100-1-4,257,openat,4,-2,"[{'name': 'dirfd', 'type': 'int', 'value': -100}, {'name': 'pathname', 'type': 'const char*', 'value': '/var/log/journal/e3dd312100d840de9fa4c08066966677/fss'}, {'name': 'flags', 'type': 'unsigned int', 'value': 'O_RDWR|O_NOCTTY|O_CLOEXEC'}, {'name': 'mode', 'type': 'int', 'value': 3068808996}]",0,0
16350.896721,506,1,104,rsyslogd,ip-10-100-1-4,3,close,1,0,"[{'name': 'fd', 'type': 'int', 'value': 6}]",0,0
16350.896756,506,1,104,rsyslogd,ip-10-100-1-4,41,socket,3,6,"[{'name': 'domain', 'type': 'int', 'value': 'AF_UNIX'}, {'name': 'type', 'type': 'int', 'value': 'SOCK_DGRAM|SOCK_CLOEXEC'}, {'name': 'protocol', 'type': 'int', 'value': 0}]",0,0
16350.896785,506,1,104,rsyslogd,ip-10-100-1-4,42,connect,3,0,"[{'name': 'sockfd', 'type': 'int', 'value': 6}, {'name': 'addr', 'type': 'unsigned long', 'value': ""{'sa_family': 'AF_UNIX','sun_path': '/dev/log'}""}, {'name': 'addrlen', 'type': 'int*', 'value': 110}]",0,0
16350.89686,506,1,104,rs:main Q:Reg,ip-10-100-1-4,62,kill,2,0,"[{'name': 'pid', 'type': 'pid_t', 'value': 506}, {'name': 'sig', 'type': 'u32', 'value': 22}]",0,0
16350.896896,506,1,104,rsyslogd,ip-10-100-1-4,3,close,1,0,"[{'name': 'fd', 'type': 'int', 'value': 6}]",0,0
16350.896954,506,1,104,rsyslogd,ip-10-100-1-4,41,socket,3,6,"[{'name': 'domain', 'type': 'int', 'value': 'AF_UNIX'}, {'name': 'type', 'type': 'int', 'value': 'SOCK_DGRAM|SOCK_CLOEXEC'}, {'name': 'protocol', 'type': 'int', 'value': 0}]",0,0
16350.896987,506,1,104,rsyslogd,ip-10-100-1-4,42,connect,3,0,"[{'name': 'sockfd', 'type': 'int', 'value': 6}, {'name': 'addr', 'type': 'unsigned long', 'value': ""{'sa_family': 'AF_UNIX','sun_path': '/dev/log'}""}, {'name': 'addrlen', 'type': 'int*', 'value': 110}]",0,0
16350.897056,506,1,104,rs:main Q:Reg,ip-10-100-1-4,1003,cap_capable,1,0,"[{'name': 'cap', 'type': 'int', 'value': 'CAP_SYS_RESOURCE'}]",0,0
16350.89709,506,1,104,rs:main Q:Reg,ip-10-100-1-4,1003,cap_capable,1,0,"[{'name': 'cap', 'type': 'int', 'value': 'CAP_SYS_RESOURCE'}]",0,0
16350.904966,159,1,0,systemd-journal,ip-10-100-1-4,21,access,2,0,"[{'name': 'pathname', 'type': 'const char*', 'value': '/run/systemd/journal/flushed'}, {'name': 'mode', 'type': 'int', 'value': 'F_OK'}]",0,0
16350.904879,159,1,0,systemd-journal,ip-10-100-1-4,3,close,1,0,"[{'name': 'fd', 'type': 'int', 'value': 33}]",0,0
16350.905046,159,1,0,systemd-journal,ip-10-100-1-4,1005,security_file_open,4,0,"[{'name': 'pathname', 'type': 'const char*', 'value': '/var/log/journal/e3dd312100d840de9fa4c08066966677/system.journal'}, {'name': 'flags', 'type': 'unsigned int', 'value': 'O_RDWR|O_CREAT|O_NONBLOCK|O_LARGEFILE'}, {'name': 'dev', 'type': 'dev_t', 'value': 211812353}, {'name': 'inode', 'type': 'unsigned long', 'value': 271135}]",0,0
16350.90508,159,1,0,systemd-journal,ip-10-100-1-4,257,openat,4,33,"[{'name': 'dirfd', 'type': 'int', 'value': -100}, {'name': 'pathname', 'type': 'const char*', 'value': '/var/log/journal/e3dd312100d840de9fa4c08066966677/system.journal'}, {'name': 'flags', 'type': 'unsigned int', 'value': 'O_RDWR|O_CREAT|O_NONBLOCK|O_CLOEXEC'}, {'name': 'mode', 'type': 'int', 'value': 3068808996}]",0,0
16350.905183,159,1,0,systemd-journal,ip-10-100-1-4,257,openat,4,-2,"[{'name': 'dirfd', 'type': 'int', 'value': -100}, {'name': 'pathname', 'type': 'const char*', 'value': '/var/log/journal/e3dd312100d840de9fa4c08066966677/fss'}, {'name': 'flags', 'type': 'unsigned int', 'value': 'O_RDWR|O_NOCTTY|O_CLOEXEC'}, {'name': 'mode', 'type': 'int', 'value': 3068808996}]",0,0
16350.905118,159,1,0,systemd-journal,ip-10-100-1-4,5,fstat,2,0,"[{'name': 'fd', 'type': 'int', 'value': 33}, {'name': 'statbuf', 'type': 'struct stat*', 'value': '0x55C78284EEA8'}]",0,0
16350.913014,506,1,104,rs:main Q:Reg,ip-10-100-1-4,62,kill,2,0,"[{'name': 'pid', 'type': 'pid_t', 'value': 506}, {'name': 'sig', 'type': 'u32', 'value': 22}]",0,0
16350.913059,506,1,104,rsyslogd,ip-10-100-1-4,3,close,1,0,"[{'name': 'fd', 'type': 'int', 'value': 6}]",0,0
16350.913106,506,1,104,rsyslogd,ip-10-100-1-4,41,socket,3,6,"[{'name': 'domain', 'type': 'int', 'value': 'AF_UNIX'}, {'name': 'type', 'type': 'int', 'value': 'SOCK_DGRAM|SOCK_CLOEXEC'}, {'name': 'protocol', 'type': 'int', 'value': 0}]",0,0
16350.913159,506,1,104,rsyslogd,ip-10-100-1-4,42,connect,3,0,"[{'name': 'sockfd', 'type': 'int', 'value': 6}, {'name': 'addr', 'type': 'unsigned long', 'value': ""{'sa_family': 'AF_UNIX','sun_path': '/dev/log'}""}, {'name': 'addrlen', 'type': 'int*', 'value': 110}]",0,0
16350.913236,506,1,104,rs:main Q:Reg,ip-10-100-1-4,62,kill,2,0,"[{'name': 'pid', 'type': 'pid_t', 'value': 506}, {'name': 'sig', 'type': 'u32', 'value': 22}]",0,0
16350.913272,506,1,104,rsyslogd,ip-10-100-1-4,3,close,1,0,"[{'name': 'fd', 'type': 'int', 'value': 6}]",0,0
16350.913334,506,1,104,rsyslogd,ip-10-100-1-4,41,socket,3,6,"[{'name': 'domain', 'type': 'int', 'value': 'AF_UNIX'}, {'name': 'type', 'type': 'int', 'value': 'SOCK_DGRAM|SOCK_CLOEXEC'}, {'name': 'protocol', 'type': 'int', 'value': 0}]",0,0
16350.913524,506,1,104,rs:main Q:Reg,ip-10-100-1-4,1003,cap_capable,1,0,"[{'name': 'cap', 'type': 'int', 'value': 'CAP_SYS_RESOURCE'}]",0,0
16350.913446,506,1,104,rsyslogd,ip-10-100-1-4,42,connect,3,0,"[{'name': 'sockfd', 'type': 'int', 'value': 6}, {'name': 'addr', 'type': 'unsigned long', 'value': ""{'sa_family': 'AF_UNIX','sun_path': '/dev/log'}""}, {'name': 'addrlen', 'type': 'int*', 'value': 110}]",0,0
16350.913559,506,1,104,rs:main Q:Reg,ip-10-100-1-4,1003,cap_capable,1,0,"[{'name': 'cap', 'type': 'int', 'value': 'CAP_SYS_RESOURCE'}]",0,0
16350.921335,159,1,0,systemd-journal,ip-10-100-1-4,3,close,1,0,"[{'name': 'fd', 'type': 'int', 'value': 33}]",0,0
16350.921505,159,1,0,systemd-journal,ip-10-100-1-4,1003,cap_capable,1,0,"[{'name': 'cap', 'type': 'int', 'value': 'CAP_SYS_ADMIN'}]",0,0
16350.921585,159,1,0,systemd-journal,ip-10-100-1-4,21,access,2,0,"[{'name': 'pathname', 'type': 'const char*', 'value': '/run/systemd/journal/flushed'}, {'name': 'mode', 'type': 'int', 'value': 'F_OK'}]",0,0
16350.92163,159,1,0,systemd-journal,ip-10-100-1-4,1005,security_file_open,4,0,"[{'name': 'pathname', 'type': 'const char*', 'value': '/var/log/journal/e3dd312100d840de9fa4c08066966677/system.journal'}, {'name': 'flags', 'type': 'unsigned int', 'value': 'O_RDWR|O_CREAT|O_NONBLOCK|O_LARGEFILE'}, {'name': 'dev', 'type': 'dev_t', 'value': 211812353}, {'name': 'inode', 'type': 'unsigned long', 'value': 271135}]",0,0
16350.921662,159,1,0,systemd-journal,ip-10-100-1-4,257,openat,4,33,"[{'name': 'dirfd', 'type': 'int', 'value': -100}, {'name': 'pathname', 'type': 'const char*', 'value': '/var/log/journal/e3dd312100d840de9fa4c08066966677/system.journal'}, {'name': 'flags', 'type': 'unsigned int', 'value': 'O_RDWR|O_CREAT|O_NONBLOCK|O_CLOEXEC'}, {'name': 'mode', 'type': 'int', 'value': 3068808996}]",0,0
16350.92177,159,1,0,systemd-journal,ip-10-100-1-4,257,openat,4,-2,"[{'name': 'dirfd', 'type': 'int', 'value': -100}, {'name': 'pathname', 'type': 'const char*', 'value': '/var/log/journal/e3dd312100d840de9fa4c08066966677/fss'}, {'name': 'flags', 'type': 'unsigned int', 'value': 'O_RDWR|O_NOCTTY|O_CLOEXEC'}, {'name': 'mode', 'type': 'int', 'value': 3068808996}]",0,0
16350.921702,159,1,0,systemd-journal,ip-10-100-1-4,5,fstat,2,0,"[{'name': 'fd', 'type': 'int', 'value': 33}, {'name': 'statbuf', 'type': 'struct stat*', 'value': '0x55C78284EEA8'}]",0,0
16350.929656,506,1,104,rs:main Q:Reg,ip-10-100-1-4,62,kill,2,0,"[{'name': 'pid', 'type': 'pid_t', 'value': 506}, {'name': 'sig', 'type': 'u32', 'value': 22}]",0,0
16350.929729,506,1,104,rsyslogd,ip-10-100-1-4,3,close,1,0,"[{'name': 'fd', 'type': 'int', 'value': 6}]",0,0
16350.929772,506,1,104,rsyslogd,ip-10-100-1-4,41,socket,3,6,"[{'name': 'domain', 'type': 'int', 'value': 'AF_UNIX'}, {'name': 'type', 'type': 'int', 'value': 'SOCK_DGRAM|SOCK_CLOEXEC'}, {'name': 'protocol', 'type': 'int', 'value': 0}]",0,0
16350.929805,506,1,104,rsyslogd,ip-10-100-1-4,42,connect,3,0,"[{'name': 'sockfd', 'type': 'int', 'value': 6}, {'name': 'addr', 'type': 'unsigned long', 'value': ""{'sun_path': '/dev/log','sa_family': 'AF_UNIX'}""}, {'name': 'addrlen', 'type': 'int*', 'value': 110}]",0,0
16350.929982,506,1,104,rsyslogd,ip-10-100-1-4,3,close,1,0,"[{'name': 'fd', 'type': 'int', 'value': 6}]",0,0
16350.930044,506,1,104,rsyslogd,ip-10-100-1-4,41,socket,3,6,"[{'name': 'domain', 'type': 'int', 'value': 'AF_UNIX'}, {'name': 'type', 'type': 'int', 'value': 'SOCK_DGRAM|SOCK_CLOEXEC'}, {'name': 'protocol', 'type': 'int', 'value': 0}]",0,0
16350.929944,506,1,104,rs:main Q:Reg,ip-10-100-1-4,62,kill,2,0,"[{'name': 'pid', 'type': 'pid_t', 'value': 506}, {'name': 'sig', 'type': 'u32', 'value': 22}]",0,0
16350.930075,506,1,104,rsyslogd,ip-10-100-1-4,42,connect,3,0,"[{'name': 'sockfd', 'type': 'int', 'value': 6}, {'name': 'addr', 'type': 'unsigned long', 'value': ""{'sa_family': 'AF_UNIX','sun_path': '/dev/log'}""}, {'name': 'addrlen', 'type': 'int*', 'value': 110}]",0,0
16350.930187,506,1,104,rs:main Q:Reg,ip-10-100-1-4,1003,cap_capable,1,0,"[{'name': 'cap', 'type': 'int', 'value': 'CAP_SYS_RESOURCE'}]",0,0
16350.93015,506,1,104,rs:main Q:Reg,ip-10-100-1-4,1003,cap_capable,1,0,"[{'name': 'cap', 'type': 'int', 'value': 'CAP_SYS_RESOURCE'}]",0,0
16350.938129,159,1,0,systemd-journal,ip-10-100-1-4,21,access,2,0,"[{'name': 'pathname', 'type': 'const char*', 'value': '/run/systemd/journal/flushed'}, {'name': 'mode', 'type': 'int', 'value': 'F_OK'}]",0,0
16350.93798,159,1,0,systemd-journal,ip-10-100-1-4,3,close,1,0,"[{'name': 'fd', 'type': 'int', 'value': 33}]",0,0
16350.938185,159,1,0,systemd-journal,ip-10-100-1-4,1005,security_file_open,4,0,"[{'name': 'pathname', 'type': 'const char*', 'value': '/var/log/journal/e3dd312100d840de9fa4c08066966677/system.journal'}, {'name': 'flags', 'type': 'unsigned int', 'value': 'O_RDWR|O_CREAT|O_NONBLOCK|O_LARGEFILE'}, {'name': 'dev', 'type': 'dev_t', 'value': 211812353}, {'name': 'inode', 'type': 'unsigned long', 'value': 271135}]",0,0
16350.93822,159,1,0,systemd-journal,ip-10-100-1-4,257,openat,4,33,"[{'name': 'dirfd', 'type': 'int', 'value': -100}, {'name': 'pathname', 'type': 'const char*', 'value': '/var/log/journal/e3dd312100d840de9fa4c08066966677/system.journal'}, {'name': 'flags', 'type': 'unsigned int', 'value': 'O_RDWR|O_CREAT|O_NONBLOCK|O_CLOEXEC'}, {'name': 'mode', 'type': 'int', 'value': 3068808996}]",0,0
16350.938262,159,1,0,systemd-journal,ip-10-100-1-4,5,fstat,2,0,"[{'name': 'fd', 'type': 'int', 'value': 33}, {'name': 'statbuf', 'type': 'struct stat*', 'value': '0x55C78284EEA8'}]",0,0
16350.938337,159,1,0,systemd-journal,ip-10-100-1-4,257,openat,4,-2,"[{'name': 'dirfd', 'type': 'int', 'value': -100}, {'name': 'pathname', 'type': 'const char*', 'value': '/var/log/journal/e3dd312100d840de9fa4c08066966677/fss'}, {'name': 'flags', 'type': 'unsigned int', 'value': 'O_RDWR|O_NOCTTY|O_CLOEXEC'}, {'name': 'mode', 'type': 'int', 'value': 3068808996}]",0,0
16350.946205,506,1,104,rs:main Q:Reg,ip-10-100-1-4,62,kill,2,0,"[{'name': 'pid', 'type': 'pid_t', 'value': 506}, {'name': 'sig', 'type': 'u32', 'value': 22}]",0,0
16350.946255,506,1,104,rsyslogd,ip-10-100-1-4,3,close,1,0,"[{'name': 'fd', 'type': 'int', 'value': 6}]",0,0
16350.94633,506,1,104,rsyslogd,ip-10-100-1-4,41,socket,3,6,"[{'name': 'domain', 'type': 'int', 'value': 'AF_UNIX'}, {'name': 'type', 'type': 'int', 'value': 'SOCK_DGRAM|SOCK_CLOEXEC'}, {'name': 'protocol', 'type': 'int', 'value': 0}]",0,0
16350.946373,506,1,104,rsyslogd,ip-10-100-1-4,42,connect,3,0,"[{'name': 'sockfd', 'type': 'int', 'value': 6}, {'name': 'addr', 'type': 'unsigned long', 'value': ""{'sa_family': 'AF_UNIX','sun_path': '/dev/log'}""}, {'name': 'addrlen', 'type': 'int*', 'value': 110}]",0,0
16350.946456,506,1,104,rs:main Q:Reg,ip-10-100-1-4,62,kill,2,0,"[{'name': 'pid', 'type': 'pid_t', 'value': 506}, {'name': 'sig', 'type': 'u32', 'value': 22}]",0,0
16350.946492,506,1,104,rsyslogd,ip-10-100-1-4,3,close,1,0,"[{'name': 'fd', 'type': 'int', 'value': 6}]",0,0
16350.946558,506,1,104,rsyslogd,ip-10-100-1-4,41,socket,3,6,"[{'name': 'domain', 'type': 'int', 'value': 'AF_UNIX'}, {'name': 'type', 'type': 'int', 'value': 'SOCK_DGRAM|SOCK_CLOEXEC'}, {'name': 'protocol', 'type': 'int', 'value': 0}]",0,0
16350.946665,506,1,104,rsyslogd,ip-10-100-1-4,42,connect,3,0,"[{'name': 'sockfd', 'type': 'int', 'value': 6}, {'name': 'addr', 'type': 'unsigned long', 'value': ""{'sa_family': 'AF_UNIX','sun_path': '/dev/log'}""}, {'name': 'addrlen', 'type': 'int*', 'value': 110}]",0,0
16350.946784,506,1,104,rs:main Q:Reg,ip-10-100-1-4,1003,cap_capable,1,0,"[{'name': 'cap', 'type': 'int', 'value': 'CAP_SYS_RESOURCE'}]",0,0
16350.954592,159,1,0,systemd-journal,ip-10-100-1-4,3,close,1,0,"[{'name': 'fd', 'type': 'int', 'value': 33}]",0,0
16350.946748,506,1,104,rs:main Q:Reg,ip-10-100-1-4,1003,cap_capable,1,0,"[{'name': 'cap', 'type': 'int', 'value': 'CAP_SYS_RESOURCE'}]",0,0
16350.954789,159,1,0,systemd-journal,ip-10-100-1-4,1003,cap_capable,1,0,"[{'name': 'cap', 'type': 'int', 'value': 'CAP_SYS_ADMIN'}]",0,0
16350.954884,159,1,0,systemd-journal,ip-10-100-1-4,21,access,2,0,"[{'name': 'pathname', 'type': 'const char*', 'value': '/run/systemd/journal/flushed'}, {'name': 'mode', 'type': 'int', 'value': 'F_OK'}]",0,0
16350.954934,159,1,0,systemd-journal,ip-10-100-1-4,1005,security_file_open,4,0,"[{'name': 'pathname', 'type': 'const char*', 'value': '/var/log/journal/e3dd312100d840de9fa4c08066966677/system.journal'}, {'name': 'flags', 'type': 'unsigned int', 'value': 'O_RDWR|O_CREAT|O_NONBLOCK|O_LARGEFILE'}, {'name': 'dev', 'type': 'dev_t', 'value': 211812353}, {'name': 'inode', 'type': 'unsigned long', 'value': 271135}]",0,0
16350.954969,159,1,0,systemd-journal,ip-10-100-1-4,257,openat,4,33,"[{'name': 'dirfd', 'type': 'int', 'value': -100}, {'name': 'pathname', 'type': 'const char*', 'value': '/var/log/journal/e3dd312100d840de9fa4c08066966677/system.journal'}, {'name': 'flags', 'type': 'unsigned int', 'value': 'O_RDWR|O_CREAT|O_NONBLOCK|O_CLOEXEC'}, {'name': 'mode', 'type': 'int', 'value': 3068808996}]",0,0
16350.955012,159,1,0,systemd-journal,ip-10-100-1-4,5,fstat,2,0,"[{'name': 'fd', 'type': 'int', 'value': 33}, {'name': 'statbuf', 'type': 'struct stat*', 'value': '0x55C78284EEA8'}]",0,0
16350.95509,159,1,0,systemd-journal,ip-10-100-1-4,257,openat,4,-2,"[{'name': 'dirfd', 'type': 'int', 'value': -100}, {'name': 'pathname', 'type': 'const char*', 'value': '/var/log/journal/e3dd312100d840de9fa4c08066966677/fss'}, {'name': 'flags', 'type': 'unsigned int', 'value': 'O_RDWR|O_NOCTTY|O_CLOEXEC'}, {'name': 'mode', 'type': 'int', 'value': 3068808996}]",0,0
16350.963148,506,1,104,rs:main Q:Reg,ip-10-100-1-4,62,kill,2,0,"[{'name': 'pid', 'type': 'pid_t', 'value': 506}, {'name': 'sig', 'type': 'u32', 'value': 22}]",0,0
16350.963221,506,1,104,rsyslogd,ip-10-100-1-4,3,close,1,0,"[{'name': 'fd', 'type': 'int', 'value': 6}]",0,0
16350.963275,506,1,104,rsyslogd,ip-10-100-1-4,41,socket,3,6,"[{'name': 'domain', 'type': 'int', 'value': 'AF_UNIX'}, {'name': 'type', 'type': 'int', 'value': 'SOCK_DGRAM|SOCK_CLOEXEC'}, {'name': 'protocol', 'type': 'int', 'value': 0}]",0,0
16350.963317,506,1,104,rsyslogd,ip-10-100-1-4,42,connect,3,0,"[{'name': 'sockfd', 'type': 'int', 'value': 6}, {'name': 'addr', 'type': 'unsigned long', 'value': ""{'sa_family': 'AF_UNIX','sun_path': '/dev/log'}""}, {'name': 'addrlen', 'type': 'int*', 'value': 110}]",0,0
16350.963409,506,1,104,rs:main Q:Reg,ip-10-100-1-4,62,kill,2,0,"[{'name': 'pid', 'type': 'pid_t', 'value': 506}, {'name': 'sig', 'type': 'u32', 'value': 22}]",0,0
16350.963448,506,1,104,rsyslogd,ip-10-100-1-4,3,close,1,0,"[{'name': 'fd', 'type': 'int', 'value': 6}]",0,0
16350.963513,506,1,104,rsyslogd,ip-10-100-1-4,41,socket,3,6,"[{'name': 'domain', 'type': 'int', 'value': 'AF_UNIX'}, {'name': 'type', 'type': 'int', 'value': 'SOCK_DGRAM|SOCK_CLOEXEC'}, {'name': 'protocol', 'type': 'int', 'value': 0}]",0,0
16350.963543,506,1,104,rsyslogd,ip-10-100-1-4,42,connect,3,0,"[{'name': 'sockfd', 'type': 'int', 'value': 6}, {'name': 'addr', 'type': 'unsigned long', 'value': ""{'sa_family': 'AF_UNIX','sun_path': '/dev/log'}""}, {'name': 'addrlen', 'type': 'int*', 'value': 110}]",0,0
16350.963637,506,1,104,rs:main Q:Reg,ip-10-100-1-4,1003,cap_capable,1,0,"[{'name': 'cap', 'type': 'int', 'value': 'CAP_SYS_RESOURCE'}]",0,0
16350.96368,506,1,104,rs:main Q:Reg,ip-10-100-1-4,1003,cap_capable,1,0,"[{'name': 'cap', 'type': 'int', 'value': 'CAP_SYS_RESOURCE'}]",0,0
16350.971534,159,1,0,systemd-journal,ip-10-100-1-4,3,close,1,0,"[{'name': 'fd', 'type': 'int', 'value': 33}]",0,0
16350.971732,159,1,0,systemd-journal,ip-10-100-1-4,21,access,2,0,"[{'name': 'pathname', 'type': 'const char*', 'value': '/run/systemd/journal/flushed'}, {'name': 'mode', 'type': 'int', 'value': 'F_OK'}]",0,0
16350.971833,159,1,0,systemd-journal,ip-10-100-1-4,257,openat,4,33,"[{'name': 'dirfd', 'type': 'int', 'value': -100}, {'name': 'pathname', 'type': 'const char*', 'value': '/var/log/journal/e3dd312100d840de9fa4c08066966677/system.journal'}, {'name': 'flags', 'type': 'unsigned int', 'value': 'O_RDWR|O_CREAT|O_NONBLOCK|O_CLOEXEC'}, {'name': 'mode', 'type': 'int', 'value': 3068808996}]",0,0
16350.971798,159,1,0,systemd-journal,ip-10-100-1-4,1005,security_file_open,4,0,"[{'name': 'pathname', 'type': 'const char*', 'value': '/var/log/journal/e3dd312100d840de9fa4c08066966677/system.journal'}, {'name': 'flags', 'type': 'unsigned int', 'value': 'O_RDWR|O_CREAT|O_NONBLOCK|O_LARGEFILE'}, {'name': 'dev', 'type': 'dev_t', 'value': 211812353}, {'name': 'inode', 'type': 'unsigned long', 'value': 271135}]",0,0
16350.971877,159,1,0,systemd-journal,ip-10-100-1-4,5,fstat,2,0,"[{'name': 'fd', 'type': 'int', 'value': 33}, {'name': 'statbuf', 'type': 'struct stat*', 'value': '0x55C78284EEA8'}]",0,0
16350.979915,506,1,104,rs:main Q:Reg,ip-10-100-1-4,62,kill,2,0,"[{'name': 'pid', 'type': 'pid_t', 'value': 506}, {'name': 'sig', 'type': 'u32', 'value': 22}]",0,0
16350.971957,159,1,0,systemd-journal,ip-10-100-1-4,257,openat,4,-2,"[{'name': 'dirfd', 'type': 'int', 'value': -100}, {'name': 'pathname', 'type': 'const char*', 'value': '/var/log/journal/e3dd312100d840de9fa4c08066966677/fss'}, {'name': 'flags', 'type': 'unsigned int', 'value': 'O_RDWR|O_NOCTTY|O_CLOEXEC'}, {'name': 'mode', 'type': 'int', 'value': 3068808996}]",0,0
16350.979999,506,1,104,rsyslogd,ip-10-100-1-4,3,close,1,0,"[{'name': 'fd', 'type': 'int', 'value': 6}]",0,0
16350.98005,506,1,104,rsyslogd,ip-10-100-1-4,41,socket,3,6,"[{'name': 'domain', 'type': 'int', 'value': 'AF_UNIX'}, {'name': 'type', 'type': 'int', 'value': 'SOCK_DGRAM|SOCK_CLOEXEC'}, {'name': 'protocol', 'type': 'int', 'value': 0}]",0,0
16350.980088,506,1,104,rsyslogd,ip-10-100-1-4,42,connect,3,0,"[{'name': 'sockfd', 'type': 'int', 'value': 6}, {'name': 'addr', 'type': 'unsigned long', 'value': ""{'sa_family': 'AF_UNIX','sun_path': '/dev/log'}""}, {'name': 'addrlen', 'type': 'int*', 'value': 110}]",0,0
16350.980176,506,1,104,rs:main Q:Reg,ip-10-100-1-4,62,kill,2,0,"[{'name': 'pid', 'type': 'pid_t', 'value': 506}, {'name': 'sig', 'type': 'u32', 'value': 22}]",0,0
16350.980212,506,1,104,rsyslogd,ip-10-100-1-4,3,close,1,0,"[{'name': 'fd', 'type': 'int', 'value': 6}]",0,0
16350.98028,506,1,104,rsyslogd,ip-10-100-1-4,41,socket,3,6,"[{'name': 'domain', 'type': 'int', 'value': 'AF_UNIX'}, {'name': 'type', 'type': 'int', 'value': 'SOCK_DGRAM|SOCK_CLOEXEC'}, {'name': 'protocol', 'type': 'int', 'value': 0}]",0,0
16350.98031,506,1,104,rsyslogd,ip-10-100-1-4,42,connect,3,0,"[{'name': 'sockfd', 'type': 'int', 'value': 6}, {'name': 'addr', 'type': 'unsigned long', 'value': ""{'sa_family': 'AF_UNIX','sun_path': '/dev/log'}""}, {'name': 'addrlen', 'type': 'int*', 'value': 110}]",0,0
16350.980391,506,1,104,rs:main Q:Reg,ip-10-100-1-4,1003,cap_capable,1,0,"[{'name': 'cap', 'type': 'int', 'value': 'CAP_SYS_RESOURCE'}]",0,0
16350.980512,506,1,104,rs:main Q:Reg,ip-10-100-1-4,1003,cap_capable,1,0,"[{'name': 'cap', 'type': 'int', 'value': 'CAP_SYS_RESOURCE'}]",0,0
16350.988398,159,1,0,systemd-journal,ip-10-100-1-4,3,close,1,0,"[{'name': 'fd', 'type': 'int', 'value': 33}]",0,0
16350.988576,159,1,0,systemd-journal,ip-10-100-1-4,1005,security_file_open,4,0,"[{'name': 'pathname', 'type': 'const char*', 'value': '/proc/7148/status'}, {'name': 'flags', 'type': 'unsigned int', 'value': 'O_RDONLY|O_LARGEFILE'}, {'name': 'dev', 'type': 'dev_t', 'value': 5}, {'name': 'inode', 'type': 'unsigned long', 'value': 130054}]",0,0
16350.988619,159,1,0,systemd-journal,ip-10-100-1-4,257,openat,4,33,"[{'name': 'dirfd', 'type': 'int', 'value': -100}, {'name': 'pathname', 'type': 'const char*', 'value': '/proc/7148/status'}, {'name': 'flags', 'type': 'unsigned int', 'value': 'O_RDONLY|O_CLOEXEC'}, {'name': 'mode', 'type': 'int', 'value': 3068808996}]",0,0
16350.988652,159,1,0,systemd-journal,ip-10-100-1-4,5,fstat,2,0,"[{'name': 'fd', 'type': 'int', 'value': 33}, {'name': 'statbuf', 'type': 'struct stat*', 'value': '0x7FFE610D2150'}]",0,0
16350.988762,159,1,0,systemd-journal,ip-10-100-1-4,3,close,1,0,"[{'name': 'fd', 'type': 'int', 'value': 33}]",0,0
16350.988794,159,1,0,systemd-journal,ip-10-100-1-4,1005,security_file_open,4,0,"[{'name': 'pathname', 'type': 'const char*', 'value': '/proc/7148/status'}, {'name': 'flags', 'type': 'unsigned int', 'value': 'O_RDONLY|O_LARGEFILE'}, {'name': 'dev', 'type': 'dev_t', 'value': 5}, {'name': 'inode', 'type': 'unsigned long', 'value': 130054}]",0,0
16350.988822,159,1,0,systemd-journal,ip-10-100-1-4,257,openat,4,33,"[{'name': 'dirfd', 'type': 'int', 'value': -100}, {'name': 'pathname', 'type': 'const char*', 'value': '/proc/7148/status'}, {'name': 'flags', 'type': 'unsigned int', 'value': 'O_RDONLY|O_CLOEXEC'}, {'name': 'mode', 'type': 'int', 'value': 3068808996}]",0,0
16350.98894,159,1,0,systemd-journal,ip-10-100-1-4,3,close,1,0,"[{'name': 'fd', 'type': 'int', 'value': 33}]",0,0
16350.988846,159,1,0,systemd-journal,ip-10-100-1-4,5,fstat,2,0,"[{'name': 'fd', 'type': 'int', 'value': 33}, {'name': 'statbuf', 'type': 'struct stat*', 'value': '0x7FFE610D2150'}]",0,0
16350.98897,159,1,0,systemd-journal,ip-10-100-1-4,1005,security_file_open,4,0,"[{'name': 'pathname', 'type': 'const char*', 'value': '/proc/7148/comm'}, {'name': 'flags', 'type': 'unsigned int', 'value': 'O_RDONLY|O_LARGEFILE'}, {'name': 'dev', 'type': 'dev_t', 'value': 5}, {'name': 'inode', 'type': 'unsigned long', 'value': 130055}]",0,0
16350.988998,159,1,0,systemd-journal,ip-10-100-1-4,257,openat,4,33,"[{'name': 'dirfd', 'type': 'int', 'value': -100}, {'name': 'pathname', 'type': 'const char*', 'value': '/proc/7148/comm'}, {'name': 'flags', 'type': 'unsigned int', 'value': 'O_RDONLY|O_CLOEXEC'}, {'name': 'mode', 'type': 'int', 'value': 3068808996}]",0,0
16350.989022,159,1,0,systemd-journal,ip-10-100-1-4,5,fstat,2,0,"[{'name': 'fd', 'type': 'int', 'value': 33}, {'name': 'statbuf', 'type': 'struct stat*', 'value': '0x7FFE610D2150'}]",0,0
16350.989065,159,1,0,systemd-journal,ip-10-100-1-4,3,close,1,0,"[{'name': 'fd', 'type': 'int', 'value': 33}]",0,0
16350.98911,159,1,0,systemd-journal,ip-10-100-1-4,1003,cap_capable,1,0,"[{'name': 'cap', 'type': 'int', 'value': 'CAP_SYS_PTRACE'}]",0,0
16350.989158,159,1,0,systemd-journal,ip-10-100-1-4,1005,security_file_open,4,0,"[{'name': 'pathname', 'type': 'const char*', 'value': '/proc/7148/cmdline'}, {'name': 'flags', 'type': 'unsigned int', 'value': 'O_RDONLY|O_LARGEFILE'}, {'name': 'dev', 'type': 'dev_t', 'value': 5}, {'name': 'inode', 'type': 'unsigned long', 'value': 130057}]",0,0
16350.989186,159,1,0,systemd-journal,ip-10-100-1-4,257,openat,4,33,"[{'name': 'dirfd', 'type': 'int', 'value': -100}, {'name': 'pathname', 'type': 'const char*', 'value': '/proc/7148/cmdline'}, {'name': 'flags', 'type': 'unsigned int', 'value': 'O_RDONLY|O_CLOEXEC'}, {'name': 'mode', 'type': 'int', 'value': 3068808996}]",0,0
16350.989211,159,1,0,systemd-journal,ip-10-100-1-4,5,fstat,2,0,"[{'name': 'fd', 'type': 'int', 'value': 33}, {'name': 'statbuf', 'type': 'struct stat*', 'value': '0x7FFE610D21E0'}]",0,0
16350.989273,159,1,0,systemd-journal,ip-10-100-1-4,3,close,1,0,"[{'name': 'fd', 'type': 'int', 'value': 33}]",0,0
16350.989303,159,1,0,systemd-journal,ip-10-100-1-4,1005,security_file_open,4,0,"[{'name': 'pathname', 'type': 'const char*', 'value': '/proc/7148/status'}, {'name': 'flags', 'type': 'unsigned int', 'value': 'O_RDONLY|O_LARGEFILE'}, {'name': 'dev', 'type': 'dev_t', 'value': 5}, {'name': 'inode', 'type': 'unsigned long', 'value': 130054}]",0,0
16350.98933,159,1,0,systemd-journal,ip-10-100-1-4,257,openat,4,33,"[{'name': 'dirfd', 'type': 'int', 'value': -100}, {'name': 'pathname', 'type': 'const char*', 'value': '/proc/7148/status'}, {'name': 'flags', 'type': 'unsigned int', 'value': 'O_RDONLY|O_CLOEXEC'}, {'name': 'mode', 'type': 'int', 'value': 3068808996}]",0,0
16350.989392,159,1,0,systemd-journal,ip-10-100-1-4,3,close,1,0,"[{'name': 'fd', 'type': 'int', 'value': 33}]",0,0
16350.989353,159,1,0,systemd-journal,ip-10-100-1-4,5,fstat,2,0,"[{'name': 'fd', 'type': 'int', 'value': 33}, {'name': 'statbuf', 'type': 'struct stat*', 'value': '0x7FFE610D2250'}]",0,0
16350.989428,159,1,0,systemd-journal,ip-10-100-1-4,1005,security_file_open,4,0,"[{'name': 'pathname', 'type': 'const char*', 'value': '/proc/7148/attr/current'}, {'name': 'flags', 'type': 'unsigned int', 'value': 'O_RDONLY|O_LARGEFILE'}, {'name': 'dev', 'type': 'dev_t', 'value': 5}, {'name': 'inode', 'type': 'unsigned long', 'value': 130059}]",0,0
16350.989555,159,1,0,systemd-journal,ip-10-100-1-4,257,openat,4,33,"[{'name': 'dirfd', 'type': 'int', 'value': -100}, {'name': 'pathname', 'type': 'const char*', 'value': '/proc/7148/attr/current'}, {'name': 'flags', 'type': 'unsigned int', 'value': 'O_RDONLY|O_CLOEXEC'}, {'name': 'mode', 'type': 'int', 'value': 3068808996}]",0,0
16350.989597,159,1,0,systemd-journal,ip-10-100-1-4,3,close,1,0,"[{'name': 'fd', 'type': 'int', 'value': 33}]",0,0
16350.989631,159,1,0,systemd-journal,ip-10-100-1-4,1005,security_file_open,4,0,"[{'name': 'pathname', 'type': 'const char*', 'value': '/proc/7148/sessionid'}, {'name': 'flags', 'type': 'unsigned int', 'value': 'O_RDONLY|O_LARGEFILE'}, {'name': 'dev', 'type': 'dev_t', 'value': 5}, {'name': 'inode', 'type': 'unsigned long', 'value': 130060}]",0,0
16350.989659,159,1,0,systemd-journal,ip-10-100-1-4,257,openat,4,33,"[{'name': 'dirfd', 'type': 'int', 'value': -100}, {'name': 'pathname', 'type': 'const char*', 'value': '/proc/7148/sessionid'}, {'name': 'flags', 'type': 'unsigned int', 'value': 'O_RDONLY|O_CLOEXEC'}, {'name': 'mode', 'type': 'int', 'value': 3068808996}]",0,0
16350.989685,159,1,0,systemd-journal,ip-10-100-1-4,5,fstat,2,0,"[{'name': 'fd', 'type': 'int', 'value': 33}, {'name': 'statbuf', 'type': 'struct stat*', 'value': '0x7FFE610D2140'}]",0,0
16350.989755,159,1,0,systemd-journal,ip-10-100-1-4,3,close,1,0,"[{'name': 'fd', 'type': 'int', 'value': 33}]",0,0
16350.989789,159,1,0,systemd-journal,ip-10-100-1-4,1005,security_file_open,4,0,"[{'name': 'pathname', 'type': 'const char*', 'value': '/proc/7148/loginuid'}, {'name': 'flags', 'type': 'unsigned int', 'value': 'O_RDONLY|O_LARGEFILE'}, {'name': 'dev', 'type': 'dev_t', 'value': 5}, {'name': 'inode', 'type': 'unsigned long', 'value': 130061}]",0,0
16350.989817,159,1,0,systemd-journal,ip-10-100-1-4,257,openat,4,33,"[{'name': 'dirfd', 'type': 'int', 'value': -100}, {'name': 'pathname', 'type': 'const char*', 'value': '/proc/7148/loginuid'}, {'name': 'flags', 'type': 'unsigned int', 'value': 'O_RDONLY|O_CLOEXEC'}, {'name': 'mode', 'type': 'int', 'value': 3068808996}]",0,0
16350.989841,159,1,0,systemd-journal,ip-10-100-1-4,5,fstat,2,0,"[{'name': 'fd', 'type': 'int', 'value': 33}, {'name': 'statbuf', 'type': 'struct stat*', 'value': '0x7FFE610D2140'}]",0,0
16350.989901,159,1,0,systemd-journal,ip-10-100-1-4,3,close,1,0,"[{'name': 'fd', 'type': 'int', 'value': 33}]",0,0
16350.989935,159,1,0,systemd-journal,ip-10-100-1-4,1005,security_file_open,4,0,"[{'name': 'pathname', 'type': 'const char*', 'value': '/proc/7148/cgroup'}, {'name': 'flags', 'type': 'unsigned int', 'value': 'O_RDONLY|O_LARGEFILE'}, {'name': 'dev', 'type': 'dev_t', 'value': 5}, {'name': 'inode', 'type': 'unsigned long', 'value': 130062}]",0,0
16350.989963,159,1,0,systemd-journal,ip-10-100-1-4,257,openat,4,33,"[{'name': 'dirfd', 'type': 'int', 'value': -100}, {'name': 'pathname', 'type': 'const char*', 'value': '/proc/7148/cgroup'}, {'name': 'flags', 'type': 'unsigned int', 'value': 'O_RDONLY|O_CLOEXEC'}, {'name': 'mode', 'type': 'int', 'value': 3068808996}]",0,0
16350.989988,159,1,0,systemd-journal,ip-10-100-1-4,5,fstat,2,0,"[{'name': 'fd', 'type': 'int', 'value': 33}, {'name': 'statbuf', 'type': 'struct stat*', 'value': '0x7FFE610D20E0'}]",0,0
16350.990125,159,1,0,systemd-journal,ip-10-100-1-4,3,close,1,0,"[{'name': 'fd', 'type': 'int', 'value': 33}]",0,0
16350.990182,159,1,0,systemd-journal,ip-10-100-1-4,257,openat,4,-2,"[{'name': 'dirfd', 'type': 'int', 'value': -100}, {'name': 'pathname', 'type': 'const char*', 'value': '/run/systemd/units/log-extra-fields:sensor.service'}, {'name': 'flags', 'type': 'unsigned int', 'value': 'O_RDONLY|O_CLOEXEC'}, {'name': 'mode', 'type': 'int', 'value': 3068808996}]",0,0
16350.99024,159,1,0,systemd-journal,ip-10-100-1-4,1003,cap_capable,1,0,"[{'name': 'cap', 'type': 'int', 'value': 'CAP_SYS_ADMIN'}]",0,0
16350.990315,159,1,0,systemd-journal,ip-10-100-1-4,21,access,2,0,"[{'name': 'pathname', 'type': 'const char*', 'value': '/run/systemd/journal/flushed'}, {'name': 'mode', 'type': 'int', 'value': 'F_OK'}]",0,0
16350.99039,159,1,0,systemd-journal,ip-10-100-1-4,257,openat,4,33,"[{'name': 'dirfd', 'type': 'int', 'value': -100}, {'name': 'pathname', 'type': 'const char*', 'value': '/var/log/journal/e3dd312100d840de9fa4c08066966677/system.journal'}, {'name': 'flags', 'type': 'unsigned int', 'value': 'O_RDWR|O_CREAT|O_NONBLOCK|O_CLOEXEC'}, {'name': 'mode', 'type': 'int', 'value': 3068808996}]",0,0
16350.990359,159,1,0,systemd-journal,ip-10-100-1-4,1005,security_file_open,4,0,"[{'name': 'pathname', 'type': 'const char*', 'value': '/var/log/journal/e3dd312100d840de9fa4c08066966677/system.journal'}, {'name': 'flags', 'type': 'unsigned int', 'value': 'O_RDWR|O_CREAT|O_NONBLOCK|O_LARGEFILE'}, {'name': 'dev', 'type': 'dev_t', 'value': 211812353}, {'name': 'inode', 'type': 'unsigned long', 'value': 271135}]",0,0
